id,y,x0,x1,x2,x3,x4,x5,x6,x7,x8,x9
133,1,0.254879,-1.046633,0.209656,0.074214,-0.441366,-0.377645,-0.485934,0.347072,-0.287570,-0.733474